"Date","Country","Latitude","Lab","LabNo","Area","AreaNum","Notes","pH","OM360","TECM3","PM3","KM3","CaM3","MgM3","NaM3","SM3","Cl","EC12","BM3","FeM3","MnM3","CuM3","ZnM3","AlM3","PB2","PO","NO3N","NH4N"
2015-07-29,"US",43.19,"Brookside","1304-1","g","05","fine fescue",4.6,0.86,8.01,33,45,490,43,42,34,28.33,0.1,0.25,106,31,1.9,4.91,689,30,10,NA,1.8
2015-07-29,"US",43.19,"Brookside","1308-1","t","16","poa/bent",5,2.04,3.97,47,38,219,61,43,20,23.38,0.07,0.24,166,8,1.46,2.8,404,54,13,NA,1.6
2015-07-29,"US",43.19,"Brookside","1306-1","f","06","fine fescue",4.6,0.93,2.86,74,37,125,27,38,31,22.23,0.07,0.21,124,8,2.33,7.32,885,70,16,NA,1.2
2015-07-29,"US",43.19,"Brookside","1305-1","t","09","fine fescue",5.1,1,4.71,63,44,348,40,48,28,18.17,0.07,0.3,107,14,2.41,7.66,845,66,14,NA,0.9
2015-07-29,"US",43.19,"Brookside","1307-1","g","13","poa/bent",5.2,1.21,3.29,37,26,210,50,56,24,36.29,0.08,NA,105,13,5.63,2.14,504,33,9,NA,3
2015-07-29,"US",43.19,"Brookside","1309-1","f","08","poa/bent",5.4,1.68,4.17,55,32,341,67,40,13,26.04,0.05,NA,125,2,0.71,5.38,558,71,12,NA,1.2
2014-08-08,"TH",14.21,"Brookside","1782-1","f","0","Tifway",6.6,0.41,3.21,39,45,334,96,64,25,24.11,0.11,0.44,317,145,0.32,0.63,73,36,6,0.6,2
2014-08-08,"TH",14.21,"Brookside","1781-1","t","0","Paspalum",7.9,0.44,2.88,31,32,393,68,37,10,12.92,0.03,NA,97,20,0.39,0.78,66,24,4,0.7,2.2
2014-08-08,"TH",14.21,"Brookside","1780-1","g","0","Tifeagle",6.7,0.25,2.83,13,25,249,105,89,29,52.5,0.13,NA,59,27,0.56,1.21,66,11,4,NA,2.2
2014-04-28,"US",34.46,"Brookside","0414-1","g","01","bentgrass",5.4,0.58,2.75,36,36,240,33,22,8,1.23,0.02,NA,92,14,2.05,6.5,118,24,9,0.6,4.2
2014-04-28,"US",34.46,"Brookside","0415-1","t","06","419 bermuda",7.1,0.68,1.49,15,29,196,35,19,6,1.47,0.02,NA,100,20,1.22,0.79,191,14,3,1.2,11.6
2014-04-28,"US",34.46,"Brookside","0416-1","f","07","419 bermuda",5.9,8.64,6.5,14,92,800,79,17,10,2.75,0.05,0.4,299,16,1.93,5.29,461,21,5,1.9,10.1
2014-05-14,"US",47.2,"Brookside","0655-1","g","14","fine fescue/colonial bent",6.4,0.44,7.91,19,181,1086,93,31,6,9.02,0.02,NA,120,15,1.07,0.77,378,85,6,0.7,1.5
2014-05-14,"US",47.2,"Brookside","0656-1","g","18","fine fescue/colonial bent",6,0.28,8.43,22,192,1062,92,32,6,10.9,0.02,NA,140,18,1.19,0.86,401,75,6,0.8,2.1
2014-05-14,"US",47.2,"Brookside","0654-1","g","05","fine fescue/colonial bent",6.3,0.31,8.62,25,196,1157,102,32,6,NA,0.02,NA,136,18,1.25,0.91,419,92,7,0.9,1.5
2015-10-21,"US",42.45,"Brookside","0574-1","o","01","tall fescue",6.7,2.5,6.53,60,119,904,121,23,11,11.06,0.07,0.36,191,40,1.25,4.55,604,72,10,6.8,1.8
2015-10-21,"US",42.45,"Brookside","0575-1","f","02","bent/poa",7.5,1.79,5.85,65,34,1012,48,17,12,4.62,0.07,0.48,224,63,1.81,1.56,390,70,10,2.8,1
2015-10-21,"US",42.45,"Brookside","0576-1","g","03","bent/poa",8.1,0.92,64.37,10,26,12128,173,22,10,3.72,0.04,0.48,79,59,1.5,2.07,4,7,10,NA,NA
2013-10-28,"CA",43.54,"Brookside","0322-1","g","17","poa bent",7.4,0.52,1.75,52,30,223,44,28,5,2.06,0.02,NA,74,14,1.43,3.86,220,74,11,1.9,3
2013-10-28,"CA",43.54,"Brookside","0321-1","g","10","poa bent",7.5,3.22,14.67,91,107,2451,150,74,12,8.37,0.12,0.83,184,23,6.65,29.04,278,261,17,6.7,3.7
2013-10-28,"CA",43.54,"Brookside","0320-1","g","04","poa bent",8.1,2.08,15.16,58,73,2623,123,77,12,5.31,0.08,0.8,125,30,3.85,21.84,149,102,12,3.5,3
2014-05-07,"US",36.58,"Brookside","0171-1","g","05","poa",6.9,2.07,8.98,127,134,1345,124,79,35,22.27,0.13,0.72,271,119,2.68,31.37,122,125,23,7.6,2.4
2014-05-07,"US",36.58,"Brookside","0172-1","g","14","poa",6.8,1.64,7.67,97,108,1100,117,77,30,28.57,0.1,0.64,238,110,2.24,28.89,112,96,16,5.9,1.1
2014-05-07,"US",36.58,"Brookside","0173-1","f","02","poa/bent",7.2,6.53,16.17,185,248,2458,206,196,34,50.97,0.31,2.03,206,21,1.16,33.61,89,276,38,11.4,NA
2013-10-21,"US",43.5,"Brookside","0139-1","g","01","bent poa",6.4,2.71,4.21,154,92,447,120,34,12,4.62,0.07,0.32,281,22,3.03,9.26,521,263,39,2.5,5.2
2013-10-21,"US",43.5,"Brookside","0140-1","g","07","bent poa",5.8,2.36,3.77,181,85,356,74,33,19,4.64,0.08,0.31,355,17,3.1,8.12,463,255,52,1.6,6.3
2013-10-21,"US",43.5,"Brookside","0141-1","g","10","bent poa",5.9,2.32,3.55,205,82,361,65,35,16,4.51,0.06,0.46,317,22,5.98,9.21,591,336,64,1.6,5.5
2013-10-23,"US",39.8,"Brookside","0232-1","f","17","bent",6.7,3.8,5.92,17,103,776,133,29,12,8.78,0.09,0.37,126,68,2.54,2.49,762,26,7,5.6,5.2
2013-10-23,"US",39.8,"Brookside","0231-1","g","18","bent",6.8,0.82,2.11,32,27,314,26,22,7,5.33,0.03,NA,67,39,3.38,11.84,130,28,8,1.6,5.2
2013-10-23,"US",39.8,"Brookside","0233-1","t","10","bent",6.7,3.71,6.2,104,81,854,119,37,10,8.85,0.09,0.46,198,54,3.19,5.82,598,122,17,5.2,4.9
2014-05-07,"CA",56.71,"Brookside","0169-1","g","10","poa/bent",7.6,1.12,11.72,135,49,2018,113,28,14,4.75,0.1,0.55,338,22,1.55,10.9,62,142,32,5.6,1.3
2014-05-07,"CA",56.71,"Brookside","0168-1","g","15","poa/bent",7.5,0.49,7.44,144,59,1183,116,27,11,2.21,0.08,0.59,344,31,1.74,11.12,87,152,31,7.2,1.3
2014-05-07,"CA",56.71,"Brookside","0170-1","g","03","poa/bent",7.5,1.46,11.21,159,69,1872,134,27,15,3.42,0.1,0.7,414,21,1.71,13.43,48,171,32,4.9,1.3
2015-03-20,"DE",53.15,"Brookside","0017-1","g","09","bent/poa",6.2,1.74,4.03,33,55,543,44,26,9,12.42,0.04,NA,201,28,5.98,8.46,135,38,10,1.8,NA
2015-03-20,"DE",53.15,"Brookside","0018-1","g","10","bent/poa",6.3,1.51,3.53,29,37,496,38,21,7,7.81,0.05,NA,188,19,3.66,5.41,112,35,12,2.5,NA
2015-03-20,"DE",53.15,"Brookside","0016-1","g","08","bent/poa",6.1,1.58,3.38,25,41,451,36,20,8,4.77,0.04,NA,159,20,3.55,5.43,116,28,9,1.7,NA
2015-08-25,"IS",64.06,"Brookside","0549-1","t","03","fescue poa",5.7,8.36,8.44,97,55,784,161,116,58,37.6,0.15,0.54,530,17,4.77,4.78,1440,141,65,2.5,12
2015-08-25,"IS",64.06,"Brookside","0548-1","g","09","fesce poa",7,2.97,9.6,27,108,1493,131,79,42,15.98,0.13,0.54,350,40,5.64,1.85,1030,53,10,1.1,5.5
2015-08-25,"IS",64.06,"Brookside","0550-1","f","17","fescue poa rye",6,4.98,7.08,91,30,869,111,66,18,8.4,0.05,0.57,373,7,2.19,4.68,1222,103,33,1.1,3.7
2014-11-19,"FI",60.21,"Brookside","0376-1","g","05","poa/bent",6.7,1.6,3.26,106,65,470,40,26,13,7.99,0.05,0.28,176,20,7.86,8.76,314,132,20,1.7,NA
2014-11-19,"FI",60.21,"Brookside","0375-1","g","03","poa/bent",6.4,1.48,3.25,106,65,428,38,40,14,7.21,0.04,0.21,165,22,7.92,6.97,347,117,22,1.5,NA
2015-11-03,"FI",60.21,"Brookside","0523-1","g","06","POA/BENT",6.8,0.8,3.32,91,61,470,49,36,10,3.79,0.04,0.29,208,31,8.62,8.13,407,101,19,0.6,0.9
2015-11-03,"FI",60.21,"Brookside","0485-1","g","05","POA/BENT",6.5,1.41,4.43,160,68,617,54,39,11,4.48,0.03,0.51,360,19,13.33,11.57,426,166,35,0.9,0.8
2014-11-19,"FI",60.21,"Brookside","0374-1","g","01","poa/bent",6.6,1.29,3.34,111,57,477,35,36,16,7.39,0.05,0.28,178,24,9.18,7.49,354,138,25,1.3,0.7
2014-11-19,"FI",60.21,"Brookside","0372-1","g","11","poa/bent",7.2,1.14,3.42,55,69,527,42,26,14,6.22,0.04,0.21,137,10,0.96,5.79,382,67,9,NA,0.8
2014-11-19,"FI",60.21,"Brookside","0373-1","g","16","poa/bent",6.4,1.19,3.88,117,73,530,43,33,18,8.69,0.04,0.23,204,25,9.96,12.45,395,144,19,1,0.9
2015-11-03,"FI",60.21,"Brookside","0505-1","g","RP","POA/CRPB",6.4,1.07,3.82,96,83,501,47,40,12,5.39,0.03,0.41,253,26,7.57,9.77,461,93,17,0.8,0.8
2015-11-03,"FI",60.21,"Brookside","0484-1","g","03","POA/BENT",6.6,0.98,3.21,93,52,456,37,33,8,4.63,0.03,0.34,160,28,8.66,11.27,574,99,21,0.6,1.4
2015-11-03,"FI",60.21,"Brookside","0503-1","g","11","CRBNT/PO",7.1,0.93,3.78,64,76,585,43,33,10,3.21,0.03,0.36,226,11,1.13,12.95,421,61,7,NA,1.4
2015-11-03,"FI",60.21,"Brookside","0525-1","g","13","POA/BENT",6.7,0.91,2.62,80,51,359,36,35,9,5.02,0.05,0.32,167,20,5.49,4.72,315,99,26,0.6,0.6
2014-11-19,"FI",60.21,"Brookside","0371-1","g","07","poa/bent",5.2,1.38,3.32,33,57,255,23,41,15,4.96,0.05,NA,126,6,2.61,1.69,370,45,9,0.6,1.5
2015-11-03,"FI",60.21,"Brookside","0524-1","g","07","BENT;POA",5.7,1.1,2.07,21,38,205,25,27,7,3.64,0.01,0.2,115,4,1.87,1.22,302,20,7,NA,1.4
2015-11-03,"FI",60.21,"Brookside","0483-1","g","01","POA/BENT",6.2,0.61,2.57,131,58,316,31,33,11,4,0.02,0.3,182,35,9.64,5.12,651,105,29,NA,2
2015-11-03,"FI",60.21,"Brookside","0504-1","g","16","POA/CRPB",6.7,0.84,4.07,172,75,583,48,43,16,6.83,0.03,0.36,239,40,12.17,8.35,657,118,25,NA,0.9
2015-03-25,"US",39.4,"Brookside","0411-1","g","09","bent",7,0.81,1.83,80,24,240,50,16,6,5,0.03,NA,141,45,2.41,10.27,129,68,11,NA,2.1
2015-03-25,"US",39.4,"Brookside","0413-1","f","17","bent",6.9,2.33,4.68,100,40,676,95,28,12,7.82,0.05,0.38,251,32,2.91,9.89,365,115,20,0.7,2.7
2015-03-25,"US",39.4,"Brookside","0412-1","t","09","bent",7.3,1.18,2.55,33,29,301,93,20,6,5.99,0.03,NA,99,15,2.05,5.2,125,28,7,NA,1.6
2015-12-28,"DE",53.4,"Brookside","0938-1","g","17","poa/bent",5.9,1.12,2.54,34,48,277,39,25,8,10.53,0.06,0.37,116,10,1.62,3.73,123,37,15,6.4,3.9
2015-12-28,"DE",53.4,"Brookside","0936-1","g","04","poa/bent",6.2,1.03,2.28,26,45,278,36,19,7,10.89,0.05,0.37,111,12,1.49,5.38,130,28,10,5.1,3.1
2015-12-28,"DE",53.4,"Brookside","0937-1","g","12","poa/bent",6,1.26,2.75,30,55,318,42,25,8,13.63,0.06,0.44,108,10,1.52,3.79,112,35,10,6.3,3.3
2013-09-09,"US",48.45,"Brookside","0875-1","t","04","kbg",7.9,1.08,38.25,6,30,7166,108,24,6,3.7,0.06,0.28,57,21,0.81,0.94,3,19,8,3.5,2.6
2013-09-09,"US",48.45,"Brookside","0876-1","f","18","kbg",7.8,4.65,15.84,49,119,2764,122,29,20,13.9,0.13,0.66,190,90,2.15,2.18,387,48,9,10.2,4
2013-09-09,"US",48.45,"Brookside","0877-1","g","10","bent",8.2,2.24,40.42,6,56,7590,113,20,6,7.69,0.05,0.47,52,40,0.87,1.08,7,24,8,NA,1.4
2014-03-19,"US",39.47,"Brookside","0007-1","f","17","ryegrass",7.9,2.88,64.25,19,214,11745,303,46,91,26.62,0.37,0.63,106,39,2.33,6.39,11,NA,14,1.7,4.8
2016-08-17,"US",39.47,"Brookside","0402-1","t","06","bent",7.8,1.19,9.95,112,77,1712,83,32,40,6.71,0.00021875,0.61,157,46,1.22,3.83,122,180,13,NA,1.6
2016-08-17,"US",39.47,"Brookside","0401-1","g","01","poa/bent",7.8,1.37,3.9,42,56,588,69,24,11,6.93,9.375e-05,0.78,87,36,4.08,8.47,82,48,8,0.6,2
2014-03-19,"US",39.47,"Brookside","0005-1","t","05","bentgrass",8.2,0.61,15.71,69,80,2785,110,38,15,8.29,0.08,0.44,191,44,2.22,3.58,80,196,9,0.7,2.3
2014-03-19,"US",39.47,"Brookside","0006-1","g","07","bentgrass",8,1.34,5.23,41,57,788,103,24,11,7.97,0.07,0.55,140,27,3.93,13.33,69,56,8,0.8,3.9
2016-08-17,"US",39.47,"Brookside","0403-1","f","02","rye",7.8,4.17,27.73,64,296,4605,331,44,58,20.31,0.000484375,0.94,272,60,3.46,13.83,148,94,21,7.6,5.8
2014-02-05,"JP",33.59,"Brookside","0123-1","f","06","zoysia",7.6,3.78,14.29,450,85,2410,155,42,29,9.65,0.11,0.85,113,20,3.07,17.3,386,523,43,3.7,3.6
2014-02-05,"JP",33.59,"Brookside","0122-1","t","01","zosyia",5.5,2.99,4.82,181,108,435,53,39,9,18.87,0.04,0.28,128,9,0.96,4.16,435,300,38,NA,7.9
2014-02-05,"JP",33.59,"Brookside","0121-1","g","09","zoysia",6.7,2.44,5.01,111,53,770,49,35,7,8.57,0.05,0.36,115,15,3.35,5.5,239,192,23,0.6,5.3
2015-07-08,"CA",49.64,"Brookside","1740-1","g","grn","poa",7.8,1.24,8.07,104,78,1345,89,26,11,5.87,0.05,0.45,198,56,3.07,16.64,114,114,15,3.6,0.9
2015-07-08,"CA",49.64,"Brookside","1741-1","f","fwy","poa",5.7,1.65,5.91,79,121,590,90,29,12,NA,0.05,NA,414,28,1.28,6.94,563,104,32,2.5,2.5
2015-07-08,"CA",49.64,"Brookside","1742-1","t","tee","poa",8.1,1.38,11.69,59,60,2058,89,27,11,7.07,0.07,0.37,246,84,1.82,4.68,85,63,13,0.6,1
2014-08-26,"GB",54.08,"Brookside","0675-1","g","01","per. rye",6.3,4.69,13.01,109,129,1832,130,93,42,23.21,0.16,0.72,420,20,5.17,9.01,907,157,34,2.8,4
2014-08-26,"GB",54.08,"Brookside","0677-1","o","02","fescue/poa nn",6,5.31,10.09,31,121,1179,156,121,18,36.03,0.14,0.8,257,105,3.37,9.37,674,16,6,7.7,4.2
2014-08-26,"GB",54.08,"Brookside","0676-1","o","01","fescue/poa nn",5.9,4.25,5.78,26,81,636,87,69,17,15.2,0.06,0.62,441,32,2.65,7.5,667,24,11,2.6,5.5
2014-11-04,"GB",51.39,"Brookside","0454-1","g","04","fescue/poa",6.3,1.97,5.61,37,73,801,50,29,23,28.49,0.1,0.74,429,14,3.02,5.82,155,51,10,2.4,1.6
2014-11-04,"GB",51.39,"Brookside","0455-1","f","04","fescue/poa",5,4.78,6.38,22,58,472,48,29,22,26.5,0.03,0.75,675,9,1.38,3.49,628,19,19,2.8,3.5
2014-11-04,"GB",51.39,"Brookside","0456-1","t","04","fescue/poa",5.6,3.79,11.12,106,146,1270,65,37,26,13.84,0.12,0.62,399,15,7.7,15.14,780,174,25,5.2,3.9
2013-11-20,"US",41.47,"Brookside","0120-1","g","06","",6.9,2.76,5.94,123,60,821,107,100,15,37.39,0.11,0.6,165,21,3.41,12.07,346,149,22,2.6,4.1
2013-11-20,"US",41.47,"Brookside","0121-1","f","06","",5.2,2.84,6,28,49,425,70,94,12,65.66,0.13,0.6,209,4,0.7,5.76,377,22,8,4.8,5.8
2013-11-20,"US",41.47,"Brookside","0122-1","g","05","",6.9,3.14,7.1,171,67,1003,124,105,18,60.3,0.15,0.61,279,11,4.27,15.99,432,343,25,3.2,4.2
2014-09-19,"GB",51.34,"Brookside","0246-1","f","06","Meadow grass",7.5,8.93,25.41,20,45,4709,71,38,17,9.81,0.17,1.53,85,71,75.04,26.96,253,43,4,6.6,1.5
2014-09-19,"GB",51.34,"Brookside","0245-1","g","16","Meadow grass",6.4,2.84,9,79,90,1368,59,40,44,21.64,0.1,0.75,602,18,2.33,11.49,366,111,14,7.8,0.9
2015-07-29,"GB",51.34,"Brookside","1348-1","g","16","poa/bent",6,3.31,6.37,74,53,894,39,32,48,38.39,0.2,0.79,550,6,1.17,13.46,234,97,16,6.6,2.2
2014-09-19,"GB",51.34,"Brookside","0247-1","t","18","rye/fescue",7.5,3.42,25.76,175,195,4696,70,44,33,11.18,0.22,0.93,246,36,5.75,21.88,119,227,42,20.4,1.2
2015-07-29,"GB",51.34,"Brookside","1349-1","g","13","poa/bent",6.2,4.2,7.67,70,49,1152,38,34,49,37.29,0.22,0.64,588,4,1.15,8.87,214,98,15,4.5,2
2015-07-29,"GB",51.34,"Brookside","1350-1","g","02","poa/bent",5.5,3.03,7.48,65,54,827,41,33,62,38.84,0.22,0.78,616,5,1.09,14.89,253,82,16,5.5,1.4
2015-07-13,"CA",48.4,"Brookside","0519-1","f","17","poa",6.3,3.67,6.7,20,46,870,133,19,10,9.06,0.07,0.52,172,14,3.71,4.5,287,34,7,4.4,9.5
2015-07-10,"CA",48.4,"Brookside","0478-1","t","08","poa",6.4,2.34,6.31,82,69,817,130,19,10,6.03,0.04,0.43,276,17,4.08,3.44,457,135,19,3.1,3.8
2015-07-13,"CA",48.4,"Brookside","0518-1","t","14","poa",6.5,2.59,7.51,83,84,981,161,26,13,6.87,0.05,0.41,336,16,4.7,2.73,478,86,14,5.3,6.7
2015-07-10,"CA",48.4,"Brookside","0480-1","f","01","poa",6.3,2.13,7.81,25,64,1021,146,25,10,8.82,0.07,0.51,228,28,4.21,2.34,409,50,5,5.6,8.4
2015-07-13,"CA",48.4,"Brookside","0517-1","g","18","poa",6.4,2.26,7.54,71,104,1012,127,23,10,7.57,0.04,0.39,236,39,30.87,6.74,383,95,14,1.6,4.8
2015-07-10,"CA",48.4,"Brookside","0479-1","g","04","poa",6.7,2.15,5.68,64,85,798,104,20,10,7.91,0.04,0.36,279,27,16.63,4.75,357,132,14,1.6,5.2
2013-11-07,"US",41.62,"Brookside","0123-1","g","15","bent poa",6,1.9,4.78,120,66,582,65,43,15,23.86,0.13,0.54,276,19,5.29,8.1,490,188,25,3.4,4.8
2013-11-07,"US",41.62,"Brookside","0125-1","f","14","bent poa",5.9,3.85,6.59,104,52,772,104,40,12,11.51,0.05,0.64,378,10,2.02,7.66,669,155,20,2.7,6.1
2013-11-07,"US",41.62,"Brookside","0124-1","t","16","bent sod",6.1,0.53,2.82,45,47,324,50,31,8,5.67,0.03,0.25,161,12,1.31,2.71,466,53,13,0.9,4.2
2013-11-18,"CA",49.65,"Brookside","0981-1","t","09","rye",5.9,2.06,4.38,68,92,497,58,32,22,3.55,0.08,0.54,308,10,1.29,5.74,497,77,19,3.6,3.7
2013-11-18,"CA",49.65,"Brookside","0982-1","g","07","poa",6.5,1.58,3.99,81,71,479,96,27,17,NA,0.06,0.37,309,27,5.26,4.92,407,81,20,4,3.9
2013-11-18,"CA",49.65,"Brookside","0980-1","g","09","poa",6.3,1.53,4.29,71,72,510,92,28,20,1.37,0.09,0.38,322,32,4.52,5.31,397,75,18,6.7,4.3
2015-04-17,"CA",49.65,"Brookside","0327-1","g","689","poa/bent",5.8,2.07,3.38,60,33,360,57,26,12,11.77,0.05,0.28,356,18,6.97,4.16,327,67,16,3.2,1.7
2014-06-11,"CA",49.65,"Brookside","1325-1","g","05","bent/poa",6,1.61,3.15,79,55,343,60,34,19,7.91,0.07,0.7,386,22,8.04,4.57,407,91,21,5.4,1.9
2014-06-11,"CA",49.65,"Brookside","1324-1","g","08","bent/poa",6.2,1.2,3.52,63,57,410,69,33,15,5.68,0.06,0.38,269,21,3.62,5.12,474,70,20,4.2,3.2
2015-04-17,"CA",49.65,"Brookside","0326-1","g","01","poa",5.9,2.07,3.33,64,37,367,59,28,19,9.12,0.07,0.32,309,15,4.9,4.29,372,81,15,3.5,2
2015-04-17,"CA",49.65,"Brookside","0328-1","t","15689","rye/bent/poa",5.6,2.63,3.95,49,43,380,62,26,13,7.36,0.05,0.3,271,9,1.5,5.4,398,57,14,6.6,1.5
2014-06-11,"CA",49.65,"Brookside","1326-1","t","all","bent/rye",5.3,2.34,5.86,83,71,506,60,32,16,5.51,0.07,0.77,417,10,1.89,6.13,528,94,28,7.9,4.1
2013-09-26,"US",44,"Brookside","0123-1","g","06","poa bent",5.9,1.45,2.24,26,53,223,37,35,19,13.12,0.05,0.53,92,27,4.04,4.54,424,20,8,2.4,12.3
2013-09-26,"US",44,"Brookside","0124-1","g","15","poa bent",5.4,1.44,2.94,25,49,230,39,40,18,15.83,0.05,0.47,93,33,3.96,4.86,446,20,7,2.7,13.5
2013-09-26,"US",44,"Brookside","0125-1","g","c","poa bent",5.8,1.76,2.69,24,49,262,43,41,19,12.98,0.06,0.51,105,36,4.81,6.14,421,18,6,2.1,12.9
2014-10-03,"US",44,"Brookside","0165-1","g","10","poa/bent",6,0.85,1.9,26,42,188,39,32,13,11.57,0.03,NA,85,22,3.32,3.51,402,25,5,1,7.3
2014-10-03,"US",44,"Brookside","0163-1","g","02","poa/bent",6.4,1.08,2.37,25,34,274,51,35,13,34.25,0.08,0.2,116,30,3.77,3.87,437,26,6,NA,4.9
2014-10-03,"US",44,"Brookside","0164-1","g","06","poa/bent",6.3,1.17,2.05,28,40,217,47,34,13,11.25,0.03,NA,97,32,3.31,3.42,428,29,7,0.8,6.4
2014-01-23,"US",30.22,"Brookside","0129-1","g","04","Tif Eagle",6.6,2.52,3.72,36,42,533,52,26,11,7.39,0.05,0.5,133,96,7.71,29.87,49,48,8,3.5,2.1
2014-01-23,"US",30.22,"Brookside","0130-1","g","13","Tif Eagle",6.8,0.85,2.45,16,23,371,31,21,8,12.88,0.04,0.23,68,73,5.17,17.24,45,17,5,2.2,0.6
2014-01-23,"US",30.22,"Brookside","0131-1","g","18","Tif Eagle",6.6,1.65,3.33,27,36,484,44,20,9,6.27,0.04,0.65,104,101,8.39,29.48,39,31,7,3.5,1.4
2015-07-06,"KR",37.48,"Brookside","0674-1","g","l","bemt",7,0.5,3.57,82,146,378,81,109,28,103.9,0.12,0.3,126,164,1.1,4.78,182,84,13,2.6,1.8
2015-07-06,"KR",37.48,"Brookside","0673-1","g","o","bemt",7.1,0.62,2.99,65,58,379,59,76,23,48.41,0.12,0.35,127,50,1.88,4.68,212,88,10,1,2
2015-07-06,"KR",37.48,"Brookside","0675-1","g","h","bemt",7.2,0.17,2.55,16,128,240,55,106,22,71.74,0.13,0.26,72,49,0.86,1.72,161,25,7,NA,1.8
2015-04-29,"US",41.94,"Brookside","0747-1","g","14","bent/poa",7.6,3.71,8.31,105,28,1267,178,23,16,10.93,0.09,0.63,178,44,2.97,15.03,140,179,20,2.6,NA
2015-04-29,"US",41.94,"Brookside","0746-1","g","06","bent/poa",7.6,3.1,8.25,88,28,1261,174,26,20,11.99,0.09,0.81,177,49,2.61,14.05,107,102,16,1.6,1.4
2015-04-29,"US",41.94,"Brookside","0745-1","g","18","bent/poa",7.6,2,11.09,112,26,1809,173,26,22,6.85,0.09,0.64,299,64,2.56,13.6,84,125,26,2.5,1.1
2014-06-10,"JP",35.64,"Brookside","0283-1","g","04","bent",6.2,1.36,4.89,100,82,605,86,23,12,7.7,0.04,0.35,139,35,2.49,6.88,630,165,20,1.6,6.4
2014-06-10,"JP",35.64,"Brookside","0284-1","g","01","bent",6.5,1.53,5.17,85,95,655,107,27,10,7.98,0.05,0.41,126,29,4.32,8.37,828,129,14,1.2,4.6
2014-06-10,"JP",35.64,"Brookside","0282-1","g","16","bent",6.2,1.41,6.42,109,121,778,119,29,13,4.75,0.04,0.36,140,37,3.91,7.98,952,150,20,0.9,6.1
2016-02-15,"PH",14.23,"Brookside","0131-1","g","18","TIFDWARF",6.6,1.13,4.4,35,61,537,111,36,10,8.53,0.11,0.24,86,13,2.85,5.69,138,70,13,11.3,0.7
2016-02-15,"PH",14.23,"Brookside","0132-1","t",NA,"TIFWAY 419",4.8,1.86,9.05,125,48,578,91,32,34,10.2,0.14,0.45,187,16,1.33,2.93,372,159,40,37.2,4.6
2016-02-15,"PH",14.23,"Brookside","0133-1","f",NA,"TIFWAY 419",5.6,1.88,10.1,164,217,848,210,46,20,14.47,0.3,0.62,202,16,1.26,2.56,662,276,45,65.8,7.2
2014-06-19,"US",35.09,"Brookside","0140-1","g","14","bent",6.3,1,2.15,52,10,297,27,18,9,3.75,0.03,0.38,128,21,1.55,1.98,82,59,17,1.5,2.5
2014-06-19,"US",35.09,"Brookside","0139-1","g","wpg","bent",6.8,0.83,1.91,40,19,260,39,22,8,4.55,0.04,0.38,91,23,1.15,3.06,76,37,12,2.2,4.1
2014-06-19,"US",35.09,"Brookside","0141-1","f","5","meyer zosyia",6.5,3.52,9.87,24,103,1367,174,23,17,6.57,0.09,0.53,140,275,1.47,2.01,657,49,9,3.2,7.2
2014-05-27,"CA",46.43,"Brookside","0033-1","g","05","penncross bent",6.5,1.03,3.05,194,67,314,97,28,11,2.78,0.03,0.42,378,28,1.24,2.76,309,157,32,2.1,5.7
2014-05-27,"CA",46.43,"Brookside","0031-1","g","01","bent/poa",6.4,1.61,4.28,187,66,538,86,24,18,9.59,0.07,0.47,387,36,1.77,3.74,450,333,40,6.7,5.6
2014-05-27,"CA",46.43,"Brookside","0035-1","f","09","penncross/poa",5.7,2.34,3.68,78,75,323,77,29,20,2.93,0.05,0.44,302,48,0.76,2.24,1081,101,16,1.4,8.1
2014-05-27,"CA",46.43,"Brookside","0036-1","f","15","penncross/poa",5.5,2.02,3.47,89,53,281,63,33,24,6.43,0.05,0.47,364,47,0.8,1.93,1304,118,17,1.2,8.4
2014-05-27,"CA",46.43,"Brookside","0034-1","f","03","penncross/poa",5.4,2.56,3.92,94,84,296,66,28,23,5.4,0.04,0.37,275,34,0.66,2.04,1409,133,22,1.7,6.6
2014-05-27,"CA",46.43,"Brookside","0032-1","g","04","penncross bent",6.5,1.17,3.42,186,61,395,90,26,13,7.36,0.04,0.52,377,47,1.53,2.84,412,199,38,2.9,4.6
2015-06-25,"US",41.12,"Brookside","0977-1","g","ch","bemt",7,2.61,6.76,138,59,972,160,27,25,10.31,0.09,0.67,391,57,21.05,17.27,498,152,20,1.1,2
2015-06-25,"US",41.12,"Brookside","0978-1","g","12","bemt",7.3,2.56,6.01,91,47,945,98,24,16,9.86,0.08,0.64,289,89,39.07,19.13,379,105,16,2,1.5
2015-06-25,"US",41.12,"Brookside","0979-1","g","18","bemt",6.3,0.8,2.17,88,24,275,35,23,9,9.5,0.03,0.25,178,13,7.47,7.47,143,76,16,NA,1.6
2013-11-14,"US",26.25,"Brookside","0282-1","f","15","GN-1",7.6,1.84,7.33,47,49,1220,70,55,17,43.98,0.2,0.63,141,101,1.81,15.07,137,76,11,10.4,6.3
2013-11-14,"US",26.25,"Brookside","0281-1","t","02","GN-1",7.1,1.56,6.09,63,41,976,72,56,23,45.98,0.14,0.63,126,122,1.69,8.67,105,105,10,6,3.3
2013-11-14,"US",26.25,"Brookside","0283-1","g","15","Tifeagle",7,0.63,4.11,126,65,586,76,46,33,23.22,0.15,0.3,77,102,1.46,7.12,182,138,16,3,4.3
2013-10-22,"US",44.18,"Brookside","0014-1","g","18","bent poa",5.7,2.02,5.57,32,48,555,102,34,11,5.91,0.04,0.37,326,11,5.55,4.86,421,89,10,1.9,8.1
2013-10-22,"US",44.18,"Brookside","0015-1","t","02","bent poa rye",5.6,4.15,5.74,56,72,560,90,23,11,4.17,0.03,0.22,158,12,1.17,2.86,1294,129,14,1.5,11.6
2013-10-22,"US",44.18,"Brookside","0016-1","f","07","bent poa",5.5,3.41,8.37,68,106,783,121,30,12,3,0.05,0.25,204,12,1.17,2.45,1260,134,19,6,7.5
2015-05-13,"US",35.95,"Brookside","0336-1","g","0","bent",6,0.94,2.88,57,59,335,38,34,12,7.22,0.05,0.31,331,108,1.22,3.41,294,66,17,1.2,2.2
2015-05-13,"US",35.95,"Brookside","0337-1","O","01","tiff 419",5.6,2.27,6.57,23,136,608,105,28,9,21.12,0.08,0.3,197,104,1.18,1.26,631,33,14,6.3,4
2015-05-13,"US",35.95,"Brookside","0338-1","O","02","bluegrass",5.9,0.76,4.54,18,28,596,35,28,8,16.72,0.07,NA,85,4,0.81,1.7,95,14,4,18.3,7.7
2014-03-17,"CA",48.42,"Brookside","0081-1","t","01_03_05_06","annual bluegrass",6.8,1.81,6.33,129,122,941,80,37,22,11.69,0.08,0.41,279,33,3.59,3.53,326,303,25,10.9,3.8
2014-03-17,"CA",48.42,"Brookside","0080-1","f","03_04_055","annual bluegrass",5.7,9.24,12.72,206,158,1482,111,38,21,11.64,0.11,0.51,215,14,2.43,9.44,863,363,60,17.8,5.6
2014-03-17,"CA",48.42,"Brookside","0079-1","g","01_11-12","annual bluegrass",6.7,2.03,6.35,74,112,957,66,32,22,5,0.07,0.37,239,20,4.07,3.91,312,160,17,9.1,4.1
2013-10-02,"US",42.74,"Brookside","0194-1","t","3","poa bent",7.3,3.82,7.69,81,116,1182,122,34,31,13.9,0.19,0.56,306,40,2.82,4.6,337,125,13,8,3.8
2013-10-02,"US",42.74,"Brookside","0193-1","g","1","poa bent",6.8,2.23,5.58,82,60,806,101,30,11,21.21,0.09,0.52,212,52,5.79,10.71,142,109,16,7.7,3.9
2013-10-02,"US",42.74,"Brookside","0195-1","f","fwy","poa bent",6.5,10.15,13.85,32,117,1985,207,43,43,16.53,0.21,0.94,304,38,3.46,5.31,567,41,8,6.3,4.4
2013-12-10,"US",40.03,"Brookside","0045-1","t","03","rye blue bent",5.3,5.16,9.78,82,74,843,125,34,16,12.88,0.07,1.21,202,59,4.94,21.14,889,148,27,1.2,3.4
2013-12-10,"US",40.03,"Brookside","0046-1","g","15","poa bent",6.5,2.32,5.02,119,75,675,81,35,18,14.95,0.07,1.06,202,9,1.48,11.62,185,127,21,1.2,2.7
2013-12-10,"US",40.03,"Brookside","0047-1","g","17","poa bent",6.3,1.94,4.77,105,66,623,73,30,14,14.99,0.08,1,165,12,1.23,11.55,157,102,19,0.9,2.4
2014-08-26,"US",44.98,"Brookside","0616-1","f","5","?",6.9,7.59,20.18,91,129,2844,516,27,19,1.29,0.17,0.96,375,45,6.61,22.66,333,160,26,4.7,14.7
2014-08-26,"US",44.98,"Brookside","0617-1","g","18","?",7.2,2.61,10.28,132,49,1536,236,18,12,2.99,0.1,0.75,376,42,3.56,15.91,153,234,30,5.1,9.6
2014-08-26,"US",44.98,"Brookside","0615-1","t","g","?",7.2,3.63,13.53,84,58,2103,266,19,14,2.04,0.16,0.87,284,39,3.15,7.75,260,178,26,6.5,13.3
